name	height	weight	bmi
bmw	1.67	54	19.362472659471475
marcedas	1.9	100	27.70083102493075
chevloate	0.25	1	16.0
